site;title;link;
Globo;Médico da Prevent Sênior relata à polícia ameaças de diretor;"https://oglobo.globo.com/politica/medico-que-denunciou-prevent-senior-vai-policia-relata-ameacas-de-diretor-da-empresa-que-esta-na-mira-da-cpi-da-covid-25207699?utm_source=globo.com&utm_medium=oglobo";
Globo;CPI ouve diretor da Prevent Senior sobre mortes em estudo, SIGA;"https://g1.globo.com/politica/ao-vivo/senado-cpi-da-pandemia.ghtml";
Globo;'Só podemos terminar a CPI depois de ouvir Queiroga', diz Renan a blog;"https://g1.globo.com/politica/blog/gerson-camarotti/post/2021/09/22/cpi-so-pode-terminar-depois-de-ouvir-queiroga-diz-renan.ghtml";
Globo;Maracanã amanhece com muitas filas antes de Fla x Barcelona-EQU;"https://ge.globo.com/futebol/times/flamengo/noticia/maracana-amanhece-com-muitas-filas-antes-de-flamengo-x-barcelona-veja-servico.ghtml";
Globo;Novo titular, David Luiz impressiona Renato em jogo-treino;"https://ge.globo.com/futebol/times/flamengo/noticia/perto-da-estreia-pelo-flamengo-david-luiz-impressiona-renato-com-bons-numeros-e-jogo-treino.ghtml";
Globo;'Extra': Fla não descarta acerto relâmpago até 6ª com Dani Alves;"https://extra.globo.com/esporte/flamengo/flamengo-esfria-movimentacao-por-daniel-alves-mas-nao-descarta-acerto-relampago-ate-sexta-feira-25207237.html";
Globo;Abel sobre irritação de Dudu: 'Deve ter ficado chateado com jogo dele';"https://ge.globo.com/futebol/times/palmeiras/noticia/noticias-palmeiras-dudu-irritado-substituicao-abel-conversa.ghtml";
Globo;Hulk erra pênalti e se diz 'culpado';"https://ge.globo.com/futebol/times/atletico-mg/noticia/apos-errar-penalti-hulk-assume-responsabilidade-por-empate-do-atletico-mg-culpado-sou-eu.ghtml";
Globo;Blog: times podem oferecer mais;"https://ge.globo.com/blogs/blog-do-mansur/post/2021/09/22/palmeiras-e-atletico-tem-talento-suficiente-para-oferecer-mais-ao-espetaculo.ghtml";
Globo;Timão adota cautela mesmo com Paulinho livre no mercado;"https://ge.globo.com/futebol/times/corinthians/noticia/entenda-por-que-o-corinthians-nao-tem-pressa-por-paulinho.ghtml";
Globo;Girassol, Sandra de Sá é a 6ª desmascarada e não segura emoção, resumão;"https://gshow.globo.com/realities/the-masked-singer-brasil/noticia/choro-de-sandra-de-sa-e-declaracao-de-alexandre-borges-tudo-sobre-o-sexto-episodio-de-the-masked-singer-brasil.ghtml";
Globo;'Todo mundo sabia que era eu', diz Sandra de Sá no Bate-Papo;"https://gshow.globo.com/realities/the-masked-singer-brasil/bate-papo-the-masked-singer-brasil/noticia/sandra-de-sa-comenta-emocao-em-participar-do-programa-todo-mundo-sabia-que-era-eu-acho-isso-incrivel.ghtml";
Globo;Vídeo mostra detalhes da transformação de Mari Rios em Lady Gaga;"https://gshow.globo.com/programas/domingao-com-huck/show-dos-famosos/noticia/veja-a-caracterizacao-de-mariana-rios-em-lady-gaga-no-show-dos-famosos.ghtml";
Globo;'Hipertensão' fez última edição há 10 anos entre cobras e baratas;"https://gshow.globo.com/realities/noticia/hipertensao-completa-10-anos-da-ultima-temporada-e-ja-teve-carolina-dieckmann-e-luciano-huck-veja-curiosidades.ghtml";
Globo;Clemência receberá cantada de novo hóspede do hotel;"https://gshow.globo.com/novelas/nos-tempos-do-imperador/vem-por-ai/noticia/clemencia-recebera-cantada-de-novo-hospede-em-nos-tempos-do-imperador.ghtml";
Globo;Pedro e Luísa têm briga feia depois que ele decide assumir filho;"https://kogut.oglobo.globo.com/noticias-da-tv/novelas/noticia/2021/09/nos-tempos-do-imperador-pedro-e-luisa-tem-briga-feia-depois-que-ele-decide-assumir-o-filho-com-ela.html?utm_source=globo.com&utm_medium=oglobo";
Globo;Advogada que fez dossiê contra a Prevent cita furto;"https://oglobo.globo.com/politica/advogada-de-dossie-da-prevent-senior-relata-cpi-da-covid-roubo-misterioso-em-seu-escritorio-25207764?utm_source=globo.com&utm_medium=oglobo";
Globo;'Nós não vamos parar', diz advogada de médicos;"https://oglobo.globo.com/politica/nos-nao-vamos-parar-diz-advogada-de-medicos-que-fizeram-dossie-sobre-prevent-senior-25207332?utm_source=globo.com&utm_medium=oglobo";
Globo;Vídeo: com Covid, Queiroga esteve com Boris e Michelle;"https://g1.globo.com/politica/noticia/2021/09/22/antes-de-testar-positivo-queiroga-esteve-com-michelle-investidores-e-chefes-de-estado.ghtml";
Globo;Ministro faz quarentena em hotel luxuoso, veja fotos;"https://casavogue.globo.com/LazerCultura/Hoteis/noticia/2021/09/marcelo-queiroga-cumpre-quarentena-em-hotel-com-diarias-de-ate-r-105-mil.html";
Globo;Uma das maiores do país, comitiva não teve agenda em NY;"https://blogs.oglobo.globo.com/malu-gaspar/post/bolsonaro-arrasta-uma-das-maiores-comitivas-para-os-eua-mas-ministros-nao-tem-agenda-oficial.html?utm_source=globo.com&utm_medium=oglobo";
Globo;Anvisa pede quarentena para comitiva de Bolsonaro;"https://oglobo.globo.com/politica/apos-queiroga-testar-positivo-para-covid-19-anvisa-recomenda-quarentena-para-comitiva-de-bolsonaro-25207628?utm_source=globo.com&utm_medium=oglobo";
Globo;Anvisa manda recolher lotes da CoronaVac;"https://g1.globo.com/sp/sao-paulo/noticia/2021/09/22/anvisa-determina-recolhimento-de-lotes-interditados-da-vacina-coronavac.ghtml";
Globo;Quem tomou dose de lote interditado não corre risco;"https://g1.globo.com/saude/coronavirus/vacinas/noticia/2021/09/22/coronavac-o-que-acontece-com-quem-tomou-dose-de-lote-interditado-veja-o-que-se-sabe.ghtml";
Globo;CCJ do Senado rejeita a volta das coligações;"https://g1.globo.com/politica/noticia/2021/09/22/ccj-do-senado-aprova-a-pec-da-reforma-eleitoral-sem-a-volta-das-coligacoes.ghtml";
Globo;Tebet exalta apoio de senadores em CPI, vídeo;"https://g1.globo.com/globonews/conexao-globonews/video/simone-tebet-agradece-apoio-de-senadores-apos-episodio-com-wagner-rosario-na-cpi-o-senado-federal-se-engrandeceu-9881584.ghtml";
Globo;Evergrande anuncia acordo e dá breve alívio ao mercado;"https://g1.globo.com/economia/noticia/2021/09/22/gigante-chinesa-evergrande-anuncia-pequeno-acordo-para-dar-breve-alivio-ao-mercado.ghtml";
Globo;À espera do Copom, Bolsa sobe com alívio na China;"https://g1.globo.com/economia/noticia/2021/09/22/bovespa.ghtml";
Globo;Empresa líder em venda de barcos de luxo é alvo de força-tarefa em SP;"https://g1.globo.com/sp/sao-paulo/noticia/2021/09/22/forca-tarefa-cumpre-19-mandados-de-busca-e-apreensao-contra-suspeitos-de-sonegacao-fiscal-em-sp.ghtml";
Globo;MC Paulin é levado algemado para delegacia ao participar de 'pistão náutico' em SP;"https://g1.globo.com/sp/santos-regiao/noticia/2021/09/22/mc-paulin-e-levado-algemado-para-delegacia-ao-participar-de-pistao-nautico-em-sp.ghtml";
Globo;Sem aprovação, 'chip da beleza' pode alterar clitóris e mudar a voz, veja 10 pontos;"https://g1.globo.com/bemestar/viva-voce/noticia/2021/09/22/chip-da-beleza-implante-nao-tem-aprovacao-pode-alterar-o-clitoris-e-mudar-a-voz-veja-10-pontos.ghtml";
Globo;Brasileiros investem milhões por famosos 'vistos dourados' de Portugal, que acabam este ano;"https://blogs.oglobo.globo.com/portugal-giro/post/brasileiros-embarcam-em-busca-dos-milionarios-vistos-dourados-de-portugal-que-acabam-este-ano.html?utm_source=globo.com&utm_medium=oglobo";
Globo;Empresária diz ter sido agredida por advogado dentro de clube em SP;"https://g1.globo.com/sp/ribeirao-preto-franca/noticia/2021/09/22/empresaria-diz-ter-sido-agredida-por-advogado-dentro-de-clube-em-taquaritinga-sp-horrivel.ghtml";
Globo;Tremor de magnitude 6,0 atinge a Austrália e é sentido em Melbourne;"https://globoplay.globo.com/v/9880779/";
Globo;Site público expõe mais de 426 mi de dados pessoais, que podem ser usados em golpes;"https://www.techtudo.com.br/noticias/2021/09/site-publico-expoe-milhoes-de-dados-pessoais-e-cnpjs-entenda.ghtml";
Globo;Aprovados no ITA que perderam vaga em testes toxicológicos, de peso e de cor recorrem;"https://oglobo.globo.com/brasil/educacao/aprovados-no-ita-que-perderam-vaga-em-testes-toxicologicos-de-peso-de-cor-da-pele-recorrem-justica-25207329?utm_source=globo.com&utm_medium=oglobo";
Globo;Veja 10 sugestões de carros seminovos que você poderá trazer de fora se projeto for sancionado;"https://autoesporte.globo.com/carros/usados-e-seminovos/noticia/2021/09/importacao-de-carros-usados-10-seminovos-legais-que-voce-podera-trazer-de-fora.ghtml";
Globo;Caso Gabby Petito chama atenção para sumiço de geólogo em deserto há 3 meses;"https://revistamonet.globo.com/Noticias/noticia/2021/09/caso-gabby-petito-chama-atencao-para-caso-de-geologo-desaparecido-em-deserto-ha-tres-meses.html";
Globo;'Homem mais forte do mundo' faz duelo de gigantes no MMA contra senegalês;"https://ge.globo.com/combate/noticia/homem-mais-forte-do-mundo-faz-duelo-de-gigantes-contra-senegales-em-outubro.ghtml";
Globo;Sorteio define mandos das semifinais entre Furacão e Fla e e Galo e Fortaleza;"https://ge.globo.com/ce/futebol/copa-do-brasil/noticia/sorteio-define-mandos-de-campo-das-semifinais-da-copa-do-brasil-nesta-quarta-feira.ghtml";
Globo;Entenda por que Sanchéz, 1° reforço do Vasco na janela, é o único que não estreou;"https://ge.globo.com/futebol/times/vasco/noticia/entenda-por-que-sanchez-o-primeiro-reforco-desta-janela-e-o-unico-que-ainda-nao-estreou-pelo-vasco.ghtml";
Globo;Messi no Barça, Olimpíadas, EUA no Afeganistão: como era o mundo no último gol do Sport?;"https://ge.globo.com/pe/futebol/times/sport/noticia/messi-no-barcelona-olimpiadas-eua-no-afeganistao-como-era-o-mundo-no-ultimo-gol-do-sport.ghtml";
Globo;Koeman lê nota pedindo paciência e deixa coletiva sem responder perguntas;"https://ge.globo.com/futebol/futebol-internacional/futebol-espanhol/noticia/sob-pressao-no-barca-koeman-le-comunicado-pedindo-paciencia-e-deixa-coletiva-sem-responder-perguntas.ghtml";
Globo;Eduardo Paes diz que o Rio está tentando sediar o Mundial de Clubes;"https://ge.globo.com/video/prefeito-eduardo-paes-diz-que-o-rio-de-janeiro-esta-tentando-sediar-o-mundial-de-clubes-9879908.ghtml";
Globo;Brasileiro campeão do Jungle Fight empolga Dana e garante contrato com UFC;"https://ge.globo.com/combate/noticia/contender-series-brasileiro-empolga-dana-white-e-garante-contrato-com-o-ufc.ghtml";
Globo;Fisiculturista que derrotou Schwarzenegger ainda 'puxa ferro' aos 79 anos;"https://revistamonet.globo.com/Celebridades/noticia/2021/09/fisiculturista-que-derrotou-schwarzenegger-ainda-puxa-ferro-aos-79-anos.html";
Globo;Seleção da rodada #21 do Cartola tem empate triplo no gol e mitada de Arana;"https://ge.globo.com/cartola-fc/noticia/cartola-fc-2021-selecao-da-rodada-21-tem-empate-triplo-no-gol-e-mitada-de-guilherme-arana.ghtml";
Globo;McGregor faz arremesso bizarro em jogo de beisebol e vira piada, veja;"https://ge.globo.com/combate/noticia/conor-mcgregor-faz-arremesso-bizarro-na-abertura-de-jogo-de-beisebol-em-chicago-confira.ghtml";
Globo;Piovani elogia Dicker e rebate comentário sobre Anitta: 'Parem de culpar a mulher';"https://revistaquem.globo.com/QUEM-News/noticia/2021/09/luana-piovani-posta-pedro-scooby-e-cintia-dicker-e-nega-que-problema-era-anitta.html";
Globo;Cleo curte viagem às Maldivas com marido e amigos: 'Apaixonada por esse lugar';"https://revistaquem.globo.com/QUEM-News/noticia/2021/09/cleo-curte-viagem-maldivas-com-marido.html";
Globo;Celina Locks se declara para Ronaldo no dia do aniversário do craque;"https://revistaglamour.globo.com/Celebridades/noticia/2021/09/celina-locks-homenageia-ronaldo-feliz-aniversario-momo.html";
Globo;Decidida a não ser mãe, Thalita Rebouças relata pressão forte e comentários maldosos;"https://kogut.oglobo.globo.com/noticias-da-tv/noticia/2021/09/thalita-reboucas-fala-da-estreia-de-novo-filme-e-da-decisao-de-nao-ter-filhos.html?utm_source=globo.com&utm_medium=oglobo";
Globo;'Bati no fundo do poço e voltei', diz Laura Keller sobre separação no 3º mês do filho;"https://revistaquem.globo.com/Entrevista/noticia/2021/09/laura-keller-fala-sobre-autoestima-apos-maternidade-e-separacao-bati-no-fundo-do-poco-e-voltei.html";
Globo;Sasha celebra 4 meses de casamento em viagem romântica à Espanha, veja hotel;"https://revistaglamour.globo.com/Celebridades/noticia/2021/09/sasha-meneghel-e-joao-figueiredo-celebram-quatro-meses-de-casados.html";
Globo;Thaila Ayala chora de medo após ver documentário sobre parto: 'Não quero, não';"https://kogut.oglobo.globo.com/noticias-da-tv/noticia/2021/09/thaila-ayla-chora-de-medo-apos-ver-documentario-sobre-parto-nao-quero-nao.html?utm_source=globo.com&utm_medium=oglobo";
Globo;Fabiula Nascimento ganha carinho de Emílio Dantas na barriga: 'Galera no pré-natal';"https://revistaquem.globo.com/QUEM-News/noticia/2021/09/gravida-de-gemeos-fabiula-nascimento-ganha-carinho-de-emilio-dantas-em-barriga.html";
Globo;Felipe Titto diz que meta é ter fortuna de US$ 50 mi: 'Vou me dar ao luxo de desacelerar';"https://extra.globo.com/economia/financas/ja-milionario-felipe-titto-diz-que-meta-ter-fortuna-de-us-50-milhoes-vou-me-dar-ao-luxo-de-desacelerar-25206885.html";
Globo;Lore Improta e Léo Santana fazem tour pelo quartinho da filha, Liz, assista;"https://revistaquem.globo.com/Casa-dos-Famosos/noticia/2021/09/lore-improta-e-leo-santana-fazem-tour-pelo-quartinho-da-filha-liz.html";
Globo;Palmeiras e Galo empatam 1º jogo pela semi da Libertadores, veja melhores momentos;"https://ge.globo.com/video/melhores-momentos-palmeiras-0-x-0-atletico-mg-pela-semifinal-da-libertadores-9880560.ghtml";
Globo;Dudu é substituído por Wesley aos 20min do 2º tempo e sai irritado;"https://ge.globo.com/video/dudu-e-substituido-por-wesley-aos-20-minutos-do-2o-tempo-e-deixa-o-campo-irritado-9880566.ghtml";
Globo;'Faltou o time do Palmeiras querer jogar', veja repercussão do 0-0;"https://ge.globo.com/futebol/voz-da-torcida/video/a-voz-da-torcida-leandro-bocca-faltou-o-time-do-palmeiras-querer-jogar-9880530.ghtml";
Globo;Repórter toma um banho do sistema de irrigação em jogo do Náutico;"https://ge.globo.com/futebol/video/que-situacao-reporter-juan-torres-toma-um-banho-do-sistema-de-irrigacao-dos-aflitos-antes-de-nautico-x-londrina-9880207.ghtml";
Globo;Guarani bate o Remo e segue firme na luta pelo G-4 da Série B;"https://ge.globo.com/futebol/video/melhores-momentos-guarani-2-x-0-remo-pela-25a-rodada-do-campeonato-brasileiro-serie-b-9879291.ghtml";
Globo;Drone flagra momento em que lava de vulcão atinge piscina na Espanha;"https://g1.globo.com/mundo/video/drone-flagra-momento-em-que-lava-de-vulcao-atinge-piscina-em-la-palma-na-espanha-9877567.ghtml";
Globo;5 momentos de machismo durante a CPI da Covid;"https://g1.globo.com/politica/video/5-momentos-de-machismo-na-cpi-da-covid-9880185.ghtml";
Globo;Ministro chama Simone Tebet de 'descontrolada', senadores reagem;"https://g1.globo.com/politica/video/descontrolada-moleque-troca-de-ofensas-entre-tebet-e-rosario-gera-confusao-na-cpi-9879062.ghtml";
Globo;Vídeo mostra 'altinha' na interdição da ponte Rio-Niterói por vendaval;"https://g1.globo.com/rj/rio-de-janeiro/video/video-mostra-grupo-jogando-futebol-na-ponte-rio-niteroi-durante-o-vendaval-9879133.ghtml";
Globo;Vídeo mostra ataque de abelhas que deixou homem com 200 ferrões;"https://g1.globo.com/mg/minas-gerais/video/video-mostra-ataque-de-abelhas-que-deixou-homem-com-200-ferroes-9877529.ghtml";
Globo;Novo jogo de Pokémon grátis chega hoje para celular;"https://www.techtudo.com.br/stories/2021/09/22/pokemon-unite-e-lancado-para-celular-android-e-iphone-ios.ghtml";
Globo;iOS 15: como usar a nova função do iPhone para copiar texto de foto;"https://www.techtudo.com.br/dicas-e-tutoriais/2021/09/ios-15-como-copiar-texto-de-foto-com-a-funcao-live-text-do-iphone.ghtml";
Globo;Como a ansiedade de estar longe do celular não é um problema individual;"https://epocanegocios.globo.com/Tecnologia/noticia/2021/09/nomofobia-como-ansiedade-de-estar-longe-do-celular-e-um-problema-social-e-individual.html";
Globo;Brasileiros caem no grupo com LNG e Infinity para o Worlds 2021 de LoL;"https://ge.globo.com/esports/lol/noticia/worlds-2021-red-canids-fica-no-grupo-de-lng-e-infinity.ghtml";
Globo;Alegre o ambiente com essas 5 plantas ideais para cultivar na época mais florida do ano;"https://casavogue.globo.com/Smart/noticia/2021/09/5-plantas-ideais-para-cultivar-na-primavera.html";
Globo;Confira as frutas típicas da estação para se alimentar bem sem pesar no bolso;"https://ge.globo.com/eu-atleta/noticia/primavera-veja-lista-com-10-frutas-da-estacao.ghtml";
Globo;Relembre 23 modelos de buquês das novelas para fazer bonito no seu casamento;"https://gshow.globo.com/novelas/stories/2021/09/22/na-primavera-confira-23-modelos-de-buques-de-noiva-das-novelas-para-copiar.ghtml";
Globo;Mães são as que mais sofrem impacto psicológico e financeiro na pandemia;"https://valorinveste.globo.com/objetivo/empreenda-se/noticia/2021/09/22/maes-estao-exaustas-e-sao-as-que-mais-sofrem-impacto-psicologico-e-financeiro-na-pandemia.ghtml";
Globo;Músculos bem exercitados ajudam a prevenir e controlar doenças;"https://oglobo.globo.com/saude/medicina/musculos-bem-exercitados-liberam-substancias-que-ajudam-prevenir-controlar-demencias-canceres-inflamacoes-25207424?utm_source=globo.com&utm_medium=oglobo";
Globo;Confira dicas de como cuidar da saúde física e mental durante a Primavera;"https://revistaglamour.globo.com/Lifestyle/noticia/2021/09/como-cuidar-da-saude-na-primavera.html";
Globo;Ronaldo Fenômeno faz 45 anos: conheça curiosidades do ex-jogador;"https://gshow.globo.com/Famosos/noticia/ronaldo-fenomeno-faz-45-anos-saiba-curiosidades-do-ex-jogador-e-relembre-participacoes-na-tv.ghtml";
Globo;Mari Saad dá dica para make perfeita na primavera, veja o vídeo;"https://gshow.globo.com/moda-e-beleza/noticia/mari-saad-da-dica-para-make-perfeita-na-primavera-video-traz-passo-a-passo-pratico.ghtml";
Globo;Sucesso nas redes, Pequena Lô revela sonho: 'Ter meu próprio programa';"https://gshow.globo.com/Famosos/noticia/pequena-lo-reforca-autoestima-mesmo-sendo-mulher-com-deficiencia-tenho-talento-beleza-e-me-aceito.ghtml";
Globo;Gabriela Medvedovski exalta amizade com Mariana Ximenes: 'Irmã mais velha';"https://gshow.globo.com/novelas/nos-tempos-do-imperador/noticia/gabriela-medvedovski-exalta-amizade-com-mariana-ximenes-irma-mais-velha.ghtml";
Globo;Conheça a maior reserva de biodiversidade marinha do Atlântico Sul: Abrolhos, na Bahia;"https://globoplay.globo.com/v/8515446/programa/?origemld=1020&utm_source=gcom&utm_medium=home&utm_campaign=franjal-card1&utm_term=maisnatela-brasilvistodecima";
Globo;Diretores apresentam seus pontos de vista sobre o que é o cinema;"https://globoplay.globo.com/janelas-abertas/t/pDWFFbRNrj/?origemld=1020&utm_source=gcom&utm_medium=home&utm_campaign=franjal-card2&utm_term=canalbrasil-janelasabertas";
Globo;Novos episódios de Os Roni, com Gkay, Whindersson, Tirullipa e Carlinhos Maia;"https://globoplay.globo.com/os-roni/t/Wdz8m5ckwk/temporadas/4/?origemld=1020&utm_source=gcom&utm_medium=home&utm_campaign=franjal-card3&utm_term=multishow-osroni";
Globo;Ministro chama senadora de 'descontrolada', gera tumulto e se torna investigado pela CPI;"http://g1.globo.com/politica/cpi-da-covid/noticia/2021/09/21/ministro-chama-senadora-de-descontrolada-gera-tumulto-e-cpi-suspende-reuniao.ghtml";
Globo;Corpo encontrado é da blogueira Gabby Petito, confirma advogado da família;"http://revistaglamour.globo.com/Lifestyle/Must-Share/noticia/2021/09/advogado-confirma-que-corpo-encontrado-e-de-gabby-petito.html";
Globo;Queiroga é diagnosticado com Covid-19 e permanecerá em quarentena em Nova York;"http://g1.globo.com/politica/noticia/2021/09/21/queiroga-e-diagnosticado-com-covid-19-e-permanecera-em-quarentena-em-nova-york.ghtml";
Globo;'Não vacinado' e 'provocador': imprensa internacional repercute falas de Bolsonaro;"http://oglobo.globo.com/mundo/nao-vacinado-controverso-provocador-imprensa-internacional-repercute-discurso-de-bolsonaro-na-onu-25206544?utm_source=globo.com&utm_medium=oglobo";
Globo;Estelionatária finge ser herdeira milionária e dá golpes de mais de R$ 10 milhões;"http://g1.globo.com/pa/para/noticia/2021/09/21/estelionataria-se-passa-por-herdeira-milionaria-no-para-e-aplica-golpes-de-mais-de-r-10-milhoes.ghtml";
Globo;Palmeiras e Atlético-MG empatam ida da semi da Libertadores, Hulk perde pênalti;"http://ge.globo.com/sp/futebol/libertadores/jogo/21-09-2021/palmeiras-atletico-mg.ghtml";
Globo;MC Livinho tropeça em drible, perde a bola e entrega gol em derrota do São Caetano;"http://ge.globo.com/sp/tem-esporte/futebol/noticia/mc-livinho-tropeca-ao-tentar-drible-perde-a-bola-e-entrega-gol-em-derrota-do-sao-caetano-video.ghtml";
Globo;Daniel Alves tem rescisão publicada e está livre para assinar com outro clube;"http://ge.globo.com/futebol/times/sao-paulo/noticia/noticias-spfc-sao-paulo-daniel-alves-rescisao-bid-livre-mercado.ghtml";
Globo;David Luiz é relacionado no Fla e será titular contra o Barcelona de Guayaquil;"http://ge.globo.com/futebol/times/flamengo/noticia/escalacao-do-flamengo-david-luiz-e-relacionado-e-pode-fazer-estreia-contra-o-barcelona-de-guayaquil.ghtml";
Globo;Santos já tem mais chances de cair do que o Grêmio, veja probabilidades do seu time;"http://oglobo.globo.com/esportes/futebol/com-315-santos-ja-tem-mais-chances-de-cair-do-que-gremio-veja-probabilidades-do-seu-time-25206924?utm_source=globo.com&utm_medium=oglobo";
Globo;Após perfil em site adulto, ex-Malhação chora e pede para pararem de vê-lo como objeto;"http://revistaquem.globo.com/QUEM-News/noticia/2021/09/ex-malhacao-que-criou-perfil-no-onlyfans-chora-e-pede-para-pararem-de-o-ver-como-objeto.html";
Globo;Paloma Duarte posa nua para fotógrafa e divide clique com os fãs;"http://revistaglamour.globo.com/Celebridades/noticia/2021/09/paloma-duarte-divide-clique-poderoso-nas-redes.html";
Globo;Livia Andrade fala sobre acompanhar namorado em teste de DNA: 'Normal';"http://revistaquem.globo.com/QUEM-News/noticia/2021/09/livia-andrade-fala-sobre-acompanhar-namorado-em-teste-de-dna-normal.html";
Globo;Cleo surge poderosa com vestido recortado e fãs elogiam: 'Gatona';"http://revistamarieclaire.globo.com/Celebridades/noticia/2021/09/cleo-surge-poderosa-em-vestido-recortado-e-fas-piram-maravilhosa.html";
Globo;Veja 9 famosos que começaram em realities e talvez você não saiba;"http://gshow.globo.com/Famosos/stories/2021/09/21/9-famosos-que-comecaram-em-realities-e-talvez-voce-nao-saiba.ghtml";
Uol;Hospital da Prevent escondeu morte do médico Anthony Wong por covid-19;"https://piaui.folha.uol.com.br/morte-em-segredo/";
Uol;Queiroga com covid: Anvisa recomenda isolamento de toda comitiva de Bolsonaro;"https://www1.folha.uol.com.br/poder/2021/09/anvisa-recomenda-isolamento-de-comitiva-de-bolsonaro-apos-infeccao-de-queiroga.shtml";
Uol;Bolsonaro ignorou Itamaraty e ouviu filhos e ala radical para elaborar discurso;"https://noticias.uol.com.br/colunas/jamil-chade/2021/09/22/itamaraty-foi-atropelado-por-filhos-de-bolsonaro-e-ala-radical-na-onu.htm";
Uol;Anvisa determina recolhimento de lotes interditados da CoronaVac;"https://noticias.uol.com.br/saude/ultimas-noticias/redacao/2021/09/22/anvisa-recolhimento-lotes-interditados-coronavac.htm";
Uol;Chinesa Evergrande anuncia acordo para evitar calote de título importante;"https://economia.uol.com.br/noticias/afp/2021/09/22/grupo-chines-evergrande-anuncia-acordo-para-evitar-calote-de-titulo-importante.htm";
Uol;Em sigilo, TJ do RJ aprova pagar adicional em salários de magistrados;"https://noticias.uol.com.br/politica/ultimas-noticias/2021/09/22/sigilo-tjrj-pagamento-adicional-tempo-servico-retroativo-magistrados-mprj.htm";
Uol;Resultado que leva Palmeiras à final da Libertadores é comum com Abel, veja;"https://www.uol.com.br/esporte/futebol/ultimas-noticias/2021/09/22/resultado-que-leva-palmeiras-a-final-da-libertadores-e-comum-com-abel-veja.htm";
Uol;Temendo apagão, governo antecipa operação de novas usinas, diz jornal;"https://economia.uol.com.br/noticias/redacao/2021/09/22/crise-hidrica-temor-apagadao-novas-usinas-linhas-transmissao.htm";
Uol;Da Cunha inventou prisão de chefe do PCC e simulou ações, dizem policiais;"https://www1.folha.uol.com.br/cotidiano/2021/09/da-cunha-inventou-prisao-de-chefe-do-pcc-e-simulou-operacoes-dizem-policiais.shtml";
Uol;STF tende a abolir turmas e centrar julgamentos no sistema virtual;"https://noticias.uol.com.br/colunas/carolina-brigido/2021/09/22/stf-abolir-turmas-centrar-julgamentos-sistema-virtual.htm";
Uol;Até 13 km/l: veja o consumo dos 5 SUVs mais baratos do país;"https://www.uol.com.br/carros/listas/para-economizar-confira-o-consumo-dos-5-suvs-mais-baratos-do-brasil.htm";
Uol;Entenda o caso: perícia confirma que Gabby Petito foi assassinada;"https://tvefamosos.uol.com.br/noticias/redacao/2021/09/22/gabby-petito-misterioso-caso-assassinato.htm";
Uol;Israel teria usado drone com metralhadora e IA para matar cientista do Irã, diz NYT;"https://www.uol.com.br/tilt/noticias/redacao/2021/09/22/como-israel-utilizou-ia-para-matar-o-maior-cientista-nuclear-do-ira.htm";
Uol;Mulher é presa por suspeita de golpe de R$ 15 mi em vendas de imóveis e avião;"https://noticias.uol.com.br/cotidiano/ultimas-noticias/2021/09/21/mulher-e-presa-por-vender-e-nao-entregar-r-15-milhoes-em-aviao-e-imoveis.htm";
Uol;Justiça manda cidade indenizar crianças de 1 a 3 anos vacinadas contra covid por engano;"https://noticias.uol.com.br/colunas/rogerio-gentile/2021/09/22/justica-manda-cidade-indenizar-criancas-vacinadas-contra-covid-por-engano.htm";
Uol;Mães contam mudanças emocionais após terem seus filhos;"https://www.uol.com.br/universa/noticias/redacao/2021/09/22/mais-paciencia-culpa-e-forca-maes-contam-mudancas-emocionais-apos-filhos.htm";
Uol;Por que falar sobre o machismo na ciência causa tanto incômodo;"https://www.uol.com.br/ecoa/colunas/opiniao/2021/09/22/por-que-falar-sobre-o-machismo-na-ciencia-causa-tanto-incomodo.htm";
Uol;CasaCor 2021: o que está em alta na mostra de arquitetura e décor;"https://www.uol.com.br/nossa/noticias/redacao/2021/09/22/casacor-sp-2021-confira-o-que-esta-em-alta-nesta-edicao.htm";
Uol;Avião solta chamas por motor após colisão com pássaro, qual o risco?;"https://economia.uol.com.br/todos-a-bordo/2021/09/22/aviao-chama-labareda-decolagem-congonhas-aeronave-bird-strike-passaros.htm";
Uol;Quantos quilos é normal nosso peso variar em um dia?;"https://www.uol.com.br/vivabem/colunas/paola-machado/2021/09/22/a-flutuacao-do-seu-peso-e-normal.htm";
Uol;Max e Lewis estão pendurados com motores, mas vivem situações diferentes;"https://www.uol.com.br/esporte/colunas/pole-position/2021/09/22/max-e-lewis-estao-pendurados-com-motores-mas-vivem-situacoes-diferentes.htm";
Uol;Merval Pereira: Petistas e bolsonaristas querem controlar a informação Leia e assista;"https://noticias.uol.com.br/politica/ultimas-noticias/2021/09/21/bolsonaristas-e-petistas-querem-controlar-a-informacao-diz-merval-pereira.htm";
Uol;Briga judicial entre Globo e Ferj pode travar proposta pelo PPV do Carioca;"https://www.uol.com.br/esporte/futebol/ultimas-noticias/2021/09/22/briga-judicial-entre-globo-e-ferj-pode-travar-proposta-pelo-ppv-do-carioca.htm";
Uol;Existe mesmo uma tática possível para ganhar na loteria? A ciência explica;"https://www.uol.com.br/tilt/noticias/redacao/2021/09/22/existe-mesmo-uma-tatica-possivel-para-ganhar-na-loteria.htm";
Uol;Pichonelli: Nada justifica o ataque da esquerda machista contra Tabata Amaral;"https://tab.uol.com.br/colunas/matheus-pichonelli/2021/09/22/endosso-a-violencia-contra-tabata-amaral-e-covardia-nao-militancia.htm";
Uol;iPhone 13: primeiras análises destacam bateria e câmera, mas resto é morno;"https://www.uol.com.br/tilt/noticias/redacao/2021/09/22/iphone-13-chegou-pontos-positivos-e-negativos-dos-primeiros-reviews.htm";
Uol;Dia Mundial Sem Carro: dirigir menos significa mais saúde e menos poluição;"https://www.uol.com.br/vivabem/noticias/redacao/2021/09/22/dia-mundial-sem-carro.htm";
Uol;'Sou um instrumento de Deus', celebra pastora após 1º culto em igreja trans;"https://www.uol.com.br/universa/noticias/redacao/2021/09/22/pastora-realiza-primeiro-culto-em-igreja-trans-espaco-de-dignidade.htm";
Uol;Magalu repete trainee só para negros, 'Programa foi de utilidade pública';"https://www.uol.com.br/ecoa/ultimas-noticias/2021/09/21/magalu-repete-trainee-so-para-negros-programa-foi-de-utilidade-publica.htm";
Uol;Vídeo mostra últimos momentos de vida de grávida achada morta e sem o bebê no Rio;"https://noticias.uol.com.br/cotidiano/ultimas-noticias/2021/09/21/video-mostra-ultimos-momentos-de-vida-de-gravida-achada-morta-e-sem-bebe.htm";
Uol;Quantos países existem no mundo? Resposta não é simples, entenda;"https://www.uol.com.br/nossa/noticias/redacao/2021/09/22/quantos-paises-existem-no-mundo.htm";
Uol;Tem dinheiro na poupança? Veja se há como recuperar a rentabilidade 'perdida';"https://economia.uol.com.br/mais/ultimas-noticias/2021/09/22/papo-com-especialista-live-duvidas-recuperar-poupanca.htm";
Uol;Como ajudar pessoas a comer e sobreviver na pandemia de covid;"https://www.uol.com.br/ecoa/ultimas-noticias/2021/03/23/fome-no-brasil-como-ajudar-pessoas-a-comer-e-sobreviver-na-pandemia.htm";
Uol;CPÍ: pressão antimachismo impulsiona guinada de gênero;"https://www.uol.com.br/universa/colunas/isabela-del-monde/2021/09/22/a-guinada-de-genero-na-cpi.htm";
Uol;'Jair Paz e Amor' não aparece, só o mentiroso de sempre;"https://noticias.uol.com.br/colunas/kennedy-alencar/2021/09/21/bolsonaro-peace-and-love-nao-aparece-na-onu-apenas-o-mentiroso-de-sempre.htm";
Uol;Na ONU, o fantástico mundo de Bolsonaro não convence ninguém;"https://noticias.uol.com.br/colunas/chico-alves/2021/09/21/na-onu-o-fantastico-mundo-de-bolsonaro-nao-convence-ninguem.htm";
Uol;Bolsonaro descreve realidade ilusória do Brasil na ONU;"https://noticias.uol.com.br/colunas/diogo-schelp/2021/09/21/tratamento-precoce-comunismo-e-pib-a-5-o-mundo-paralelo-de-bolsonaro.htm";
Uol;Queiroga é mais obsceno doente, vírus é sombra do 'Mito';"https://noticias.uol.com.br/colunas/reinaldo-azevedo/2021/09/22/doente-queiroga-e-mais-obsceno-virus-e-sombra-do-mito-que-assombra-pais.htm";
Uol;Queiroga tem que se desculpar e pedir para sair;"https://noticias.uol.com.br/colunas/josias-de-souza/2021/09/22/queiroga-come-a-pizza-que-o-tinhoso-amassou.htm";
Uol;Não há discurso de Bolsonaro capaz de salvar imagem do Brasil;"https://noticias.uol.com.br/colunas/maria-carolina-trevisan/2021/09/21/onu-nao-ha-discurso-de-bolsonaro-capaz-de-salvar-imagem-do-brasil.htm";
Uol;Queiroga se mostra incapaz de combater a pandemia;"https://noticias.uol.com.br/colunas/leonardo-sakamoto/2021/09/21/queiroga-surta-ataca-protesto-e-se-mostra-incapaz-de-combater-a-pandemia.htm";
Uol;Obscenidade de ministros é retrato fiel do governo Bolsonaro;"https://noticias.uol.com.br/colunas/jamil-chade/2021/09/21/obscenidade-de-ministro-e-retrato-fiel-do-governo-bolsonaro.htm?cmpid=copiaecola";
Uol;Fabulações de Bolsonaro trazem prejuízo aos brasileiros;"https://noticias.uol.com.br/colunas/thais-oyama/2021/09/21/fabulacoes-de-bolsonaro-trazem-aos-brasileiros-alem-de-vergonha-prejuizo.htm";
Uol;'Não vacinado e desafiador', diz jornais dos EUA sobre Bolsonaro;"https://www1.folha.uol.com.br/colunas/nelsondesa/2021/09/nao-vacinado-e-desafiador-destacam-nyt-e-wp-sobre-bolsonaro-na-onu.shtml";
Uol;Bolsonaro da ONU é o mesmo do cercadinho da Alvorada;"https://www1.folha.uol.com.br/colunas/bruno-boghossian/2021/09/bolsonaro-do-pulpito-da-onu-e-o-mesmo-do-cercadinho-do-alvorada.shtml";
Uol;Derrotar o bolsonarismo ano que vem não é tão possível;"https://www1.folha.uol.com.br/colunas/marcelocoelho/2021/09/derrotar-bolsonaro-no-ano-que-vem-e-possivel-mas-o-bolsonarismo-nem-tanto.shtml";
Uol;Enquanto Brasil veta, Pfizer anuncia vacina para crianças;"https://www.uol.com.br/vivabem/colunas/gustavo-cabral/2021/09/21/enquanto-queiroga-veta-vacina-para-adolescente-pfizer-anuncia-para-crianca.htm";
Uol;Paulo Freire e a educação que liberta corações e mentes;"https://www.uol.com.br/ecoa/colunas/tony-marlon/2021/09/21/paulo-freire-e-a-educacao-que-liberta-coracoes-e-mentes.htm";
Uol;Boticário cria personagem para interagir com o público;"https://inteligenciademercado.blogfolha.uol.com.br/2021/09/21/boticario-cria-personagem-para-interagir-com-o-publico-e-administrar-twitter/";
Uol;Queiroga é um ministro de cabeça abaixada e dedo erguido;"https://linhadefrente.blogfolha.uol.com.br/2021/09/21/queiroga-e-um-ministro-de-cabeca-abaixada-e-dedo-erguido/";
Uol;Artistas e coletivos culturais, atenção: há edital aberto na área;"https://musicaemletras.blogfolha.uol.com.br/2021/09/21/atencao-artistas-e-coletivos-culturais-tem-edital-aberto-na-area/";
Uol;Como equilibrar social e estímulos na transferência de renda?;"https://www1.folha.uol.com.br/colunas/pablo-acosta/2021/09/como-equilibrar-protecao-social-e-estimulos-em-um-programa-de-transferencia-de-renda.shtml";
Uol;A vacinação dos adolescentes contra a Covid é urgente!;"https://www1.folha.uol.com.br/colunas/pedro-hallal/2021/09/a-vacinacao-dos-adolescentes-contra-a-covid-e-urgente.shtml";
Uol;Crescem desafios nas interações humanas contemporâneas;"https://www1.folha.uol.com.br/colunas/michael-franca/2021/09/desafios-nas-interacoes-humanas-contemporaneas-aumentaram.shtml";
Uol;Lançamento de filme tem Regina Duarte e nata do bolsonarismo;"https://saidapeladireita.blogfolha.uol.com.br/2021/09/21/lancamento-de-filme-tem-volta-de-regina-duarte-diretor-da-abin-sem-mascara-e-nata-do-bolsonarismo/";
Uol;Apesar da descontração, Emmy teve muitos momentos chatos;"https://f5.folha.uol.com.br/colunistas/tonygoes/2021/09/apesar-da-descontracao-cerimonia-do-emmy-teve-muitos-momentos-chatos.shtml";
Uol;Etanol perde vantagem e vai demorar mais para recuperar;"https://www1.folha.uol.com.br/colunas/vaivem/2021/09/etanol-perde-vantagem-mais-cedo-e-vai-demorar-mais-para-recuperar.shtml";
Uol;Nego do Borel indiciado deveria estar em A Fazenda?;"https://www.uol.com.br/play/videos/splash/2021/09/21/nego-do-borel-indiciado-deveria-estar-em-a-fazenda--splash-ve-tv-93.htm";
Uol;Arnaldo Ribeiro: 'O cálice sagrado da temporada para o Galo é o Brasileirão';"https://www.uol.com.br/esporte/futebol/ultimas-noticias/2021/09/21/arnaldo-ribeiro-o-calice-sagrado-da-temporada-para-o-galo-e-o-brasileirao.htm";
Uol;O que faz de Deathloop um dos melhores jogos do PS5?;"https://www.uol.com.br/start/videos/2021/09/21/game-trends-19-o-que-faz-de-deathloop-um-dos-melhores-jogos-do-ps5.htm";
Uol;Rapaz 'fala' com noiva falecida usando IA, e empresa proíbe uso;"https://www.uol.com.br/tilt/noticias/redacao/2021/09/22/ela-da-vida-real-homem-conversa-com-a-falecida-noiva-via-chatbot.htm";
Uol;'Ikigai': conceito ajuda pessoas a encontrarem propósito de vida;"https://www.uol.com.br/vivabem/noticias/redacao/2021/09/22/ikigai-conceito-japones-ajuda-pessoas-a-encontrarem-proposito-de-vida.htm";
Estadão;CPI da Covid ouve diretor da Prevent Senior sobre pressão por tratamento precoce, siga;"https://politica.estadao.com.br/ao-vivo/cpi-covid-prevent-senior-tratamento-precoce";
Estadão;Após Queiroga contrair covid, Anvisa pede quarentena a Bolsonaro e comitiva do Brasil;"https://politica.estadao.com.br/noticias/geral,apos-queiroga-contrair-covid-anvisa-recomenda-quarentena-para-bolsonaro-e-toda-comitiva-brasileira,70003847212";
Estadão;Editorial: 'Em discurso na ONU, Bolsonaro esbanjou ignorância e má-fé';"https://opiniao.estadao.com.br/noticias/notas-e-informacoes,vergonha,70003846600";
Estadão;Falta de AstraZeneca para 2ª dose atinge 70% dos postos de vacinação em SP;"https://saude.estadao.com.br/noticias/geral,falta-de-astrazeneca-para-2-dose-atinge-70-dos-postos-de-vacinacao-em-sao-paulo,70003847172";
Estadão;Chapada dos Veadeiros: fogo destrói equivalente a 23 mil campos de futebol;"https://brasil.estadao.com.br/noticias/geral,chapada-dos-veadeiros-tem-10-dia-de-incendios-fogo-avanca-12-no-cerrado,70003846805";
Estadão;Virada Sustentável: Como as empresas podem ajudar o meio ambiente, acompanhe;"https://www.youtube.com/watch?v=XscjRk135Ps";
Estadão;Veja os países abertos para brasileiros vacinados e que não exigem quarentena;"https://viagem.estadao.com.br/noticias/geral,paises-abertos-para-brasileiros-100-vacinados-sem-exigencia-de-quarentena,70003774135";
Estadão;Apesar do avanço da Delta, São Paulo vê baixo risco de nova onda neste ano;"https://politica.estadao.com.br/blogs/coluna-do-estadao/apesar-do-avanco-da-delta-sao-paulo-ve-baixo-risco-de-nova-onda-neste-ano/";
Estadão;Transtornos de ansiedade aumentaram na pandemia, mas há soluções;"https://cultura.estadao.com.br/noticias/geral,ansiedade-10-respostas-sobre-o-termo-de-saude-mental-mais-buscado-por-brasileiros-no-google,70003846587";
Estadão;Modelo híbrido é a aposta de centros de inovação para o pós-pandemia;"https://link.estadao.com.br/noticias/inovacao,centros-de-inovacao-apostam-em-modelo-hibrido-para-retomada-pos-pandemia,70003846336";
Estadão;Apoio a impeachment de Bolsonaro une Doria e Leite nas prévias do PSDB;"https://politica.estadao.com.br/noticias/geral,apoio-ao-impeachment-de-bolsonaro-une-doria-e-leite-nas-previas-tucanas,70003846832";
Estadão;Brexit ameaça deixar britânicos sem o tradicional 'pint' de cerveja no pub;"https://internacional.estadao.com.br/noticias/geral,falta-de-gas-ameaca-deixar-britanicos-sem-cerveja,70003846525";
Estadão;Suzano: 'Estamos em um ciclo de maior intensidade de investimentos';"https://einvestidor.estadao.com.br/videos/mais-videos/suzano-suzb3-me-convenca-a-investir";
Estadão;Taleban pede para discursar em Assembleia-Geral da ONU e nomeia representante;"https://internacional.estadao.com.br/noticias/geral,taleban-pede-para-discursar-em-assembleia-geral-da-onu-e-nomeia-representante,70003847088";
Estadão;Com aporte de US$ 700 mi, Kavak se torna a segunda startup mais valiosa da América Latina;"https://link.estadao.com.br/noticias/inovacao,com-aporte-de-us-700-mi-kavak-se-torna-a-segunda-startup-mais-valiosa-da-america-latina,70003846710";
Estadão;Sem conseguir vender ativos, Saraiva corre risco de ter falência decretada;"https://economia.estadao.com.br/noticias/negocios,sem-conseguir-vender-ativos-saraiva-corre-risco-de-ter-falencia-decretada,70003846711";
Estadão;Área mais poluída do Rio Tietê cai 50%, aponta estudo da SOS Mata Atlântica;"https://sustentabilidade.estadao.com.br/noticias/geral,area-do-rio-tiete-com-qualidade-de-agua-ruim-cai-50,70003846725";
Estadão;Bancos avaliam venda da Braskem por meio de várias ofertas na B3;"https://economia.estadao.com.br/blogs/coluna-do-broad/bancos-avaliam-venda-da-braskem-por-meio-de-varias-ofertas-na-b3/";
